Workbook

Sheet Probendimensionen
A1: Programm zur Berechnung der Probenparameter
A2: Probenform | B2: Rechteck
A3: Auftrags-Nr.: | B3: 5.22/430
A4: Material : | B4: S355J2 + N
A5: Eingabe nur in die farblich gekennzeichneten Felder
A7: Proben- Nr. | B7: ERX2
A8: Werte | B8: =_xlfn.IFS(B2="Rechteck","Dicke",B2="Rund","Durchmesser1") -> Dicke | C8: =_xlfn.IFS(B2="Rechteck","Breite",B2="Rund","Durchmesser2") -> Breite | D8: Länge | E8: Gewicht
B9: [mm] | C9: [mm] | D9: [mm] | E9: [g]
A10: 1 | B10: 3.002 | C10: 9.063 | D10: 100.05 | E10: 21.36185
A11: 2 | B11: 3.002 | C11: 9.063 | D11: 100.05 | E11: 21.36184
A12: 3 | B12: 3.002 | C12: 9.064
A13: 4 | B13: 3.001 | C13: 9.071
A14: 5 | B14: 3.001 | C14: 9.075
A15: 6
A16: 7
A17: 8
A19: Standardabw. | B19: =_xlfn.IFS(B10=0,"",B2="Rechteck",_xlfn.STDEV.P(B10:B17),B2="Rund",_xlfn.STDEV.P(B10:C17)) -> 0.00048989795 | C19: =_xlfn.IFS(B2="Rund","",C10=0,"",B2="Rechteck",_xlfn.STDEV.P(C10:C17)) -> 0.0049152823 | D19: =IF(D10=0,"",_xlfn.STDEV.P(D10:D17)) -> 0 | E19: =IF(E10=0,"",_xlfn.STDEV.P(E10:E17)) -> 5e-06
A20: Anzahl Messwerte | B20: =_xlfn.IFS(B10=0,"",B2="Rechteck",COUNT(B10:B17),B2="Rund",COUNT(B10:C17)) -> 5 | C20: =_xlfn.IFS(B2="Rund","",C10=0,"",B2="Rechteck",COUNT(C10:C17)) -> 5 | D20: =IF(D10="","",COUNT(D10:D17)) -> 2 | E20: =IF(E10="","",COUNT(E10:E17)) -> 2
A21: Mittelwert | B21: =_xlfn.IFS(B10="","",B2="Rechteck",AVERAGE(B10:B17),B2="Rund",AVERAGE(B10:C17)) -> 3.0016 | C21: =_xlfn.IFS(B2="Rund","",C10=0,"",B2="Rechteck",ROUND(AVERAGE(C10:C17),8)) -> 9.0672 | D21: =IF(D10=0,"",ROUND(AVERAGE(D10:D17),8)) -> 100.05 | E21: =IF(E10=0,"",ROUND(AVERAGE(E10:E17),8)) -> 21.361845
A22: rel. Fehler | B22: =IF(B10=0,"",ROUND(B19/B21,8)) -> 0.00016321 | C22: =_xlfn.IFS(C10=0,"",B2="Rund","",B2="Rechteck",ROUND(C19/C21,8)) -> 0.00054209 | D22: =IF(D10=0,"",ROUND(D19/D21,8)) -> 0 | E22: =IF(E10=0,"",ROUND(E19/E21,8)) -> 2.3e-07
A23: Volumen | B23: =_xlfn.IFS(D21="","",B2="Rechteck",ROUND(B21*C21*D21/1000,8),B2="Rund",ROUND((PI()/4)*B21^2*D21/1000,8)) -> 2.7229716 | C23: +/- | D23: =_xlfn.IFS(B23="","",B2="Rechteck",SQRT(B22^2+C22^2+D22^2)*B23,B2="Rund",SQRT(2*B22^2+D22^2)*B23) -> 0.001541546 | E23: [cm3]
A24: Dichte | B24: =IF(E21="","",ROUND(E21/B23,8)) -> 7.8450489 | C24: +/- | D24: =_xlfn.IFS(B24="","",B2="Rechteck",SQRT(B22^2+C22^2+D22^2+E22^2)*B24,B2="Rund",SQRT((C32/100)^2+E22^2)*B24) -> 0.0044412894 | E24: [g/cm3]
A25: Parameter | B25: Wert | C25: Fehler | D25: DIN | E25: ASTM
C26: relativ | D26: Parallelität | E26: Fehler
C27: % | D27: erfüllt | E27: erfüllt:
A28: Masse [g] | B28: =IF(E21="","",ROUND(E21,3)) -> 21.362 | C28: =IF(E19="","",(ROUND(E19/E21*100,3))) -> 0
A29: Länge [mm] | B29: =IF(D21="","",ROUND(D21,2)) -> 100.05 | C29: =IF(D19="","",(ROUND(D19/D21*100,3))) -> 0 | D29: =IF(D10="","",(IF((200*(MAX(D10:D17)-MIN(D10:D17)))<=D21,"ja","nein"))) -> ja | E29: =IF(C29="","",(IF(C29<=0.1,"ja","nein"))) -> ja
A30: =_xlfn.IFS(B2="Rechteck","Breite [mm]",B2="Rund","Durchmesser[mm]") -> Breite [mm] | B30: =_xlfn.IFS(B21="","",B2="Rechteck",ROUND(C21,3),B2="Rund",ROUND(B21,3)) -> 9.067 | C30: =_xlfn.IFS(B21="","",B2="Rechteck",(ROUND(C19/C21*100,3)),B2="Rund",ROUND(B19/B21*100,3)) -> 0.054 | D30: =_xlfn.IFS(C10="","",B2="Rechteck",(IF((100*(MAX(C10:C17)-MIN(C10:C17)))<=C21,"ja","nein")),B2="Rund",(IF((100*(MAX(B10:C17)-MIN(B10:C17)))<=B21,"ja","nein"))) -> ja | E30: =IF(C30="","",(IF(C30<=0.1,"ja","nein"))) -> ja
A31: =_xlfn.IFS(B2="Rechteck","Dicke [mm]",B2="Rund","") -> Dicke [mm] | B31: =_xlfn.IFS(B21="","",B2="Rund","",B2="Rechteck",ROUND(B21,3)) -> 3.002 | C31: =_xlfn.IFS(B19="","",B2="Rund","",B2="Rechteck",(ROUND(B19/B21*100,3))) -> 0.016 | D31: =_xlfn.IFS(B10="","",B2="Rechteck",(IF((100*(MAX(B10:B17)-MIN(B10:B17)))<=B21,"ja","nein")),B2="Rund","") -> ja | E31: =IF(C31="","",(IF(C31<=0.1,"ja","nein"))) -> ja
A32: Volumen [cm3] | B32: =IF(B23="","",ROUND(B23,3)) -> 2.723 | C32: =IF(D23="","",(D23/B23*100)) -> 0.056612637
A33: Dichte [g/cm3] | B33: =IF(B24="","",ROUND(B24,3)) -> 7.845 | C33: =IF(D24="","",(D24/B24*100)) -> 0.056612642
A35: Messmittel:
A36: Bügelmessschraube Vogel IP54, Id.-Nr 140219042
A37: Messschieber Mitutoyo 500-312 (CD 20D)(Nr.7015071); Inv.-Nr. e 41069
A38: Waage Sartorius BP210D-0CE (Nr. 60403839); Inv. 97020471
A40: Datum: | C40: Datum:
A42: Prüfleiter: | C42: Prüfer:

Sheet E-Modul_rechteck
A1: E-Modulbestimmung nach ASTM E 1875 mit Berücksichtigung der thermischen Ausdehnung
A2: Biegeresonanz eines Probekörpers mit rechteckigem Querschnitt
A3: Eingabe nur in die farblich gekennzeichneten Felder
A4: Auftrags-Nr.: | B4: =IF(Probendimensionen!B3="","",Probendimensionen!B3) -> 5.22/430
A5: Material: | B5: =IF(Probendimensionen!B4="","",Probendimensionen!B4) -> S355J2 + N
A6: Proben-Nr: | B6: =IF(Probendimensionen!B7="","",Probendimensionen!B7) -> ERX2
A8: Größen | B8: Temperatur [°C]
B9: 24 | C9: 24
A10: alpha (1/K)
A11: m (g) | B11: =IF(Probendimensionen!B2="Rechteck",Probendimensionen!B28,"") -> 21.362 | C11: =IF(C9="","",$B$11) -> 21.362 | D11: =IF(D$9="","",$B$11) | E11: =IF(E$9="","",$B$11) | F11: =IF(F$9="","",$B$11) | G11: =IF(G$9="","",$B$11) | H11: =IF(H$9="","",$B$11) | I11: =IF(I$9="","",$B$11) | J11: =IF(J$9="","",$B$11) | K11: =IF(K$9="","",$B$11)
A12: L (mm) | B12: =IF(Probendimensionen!B2="Rechteck",Probendimensionen!B29,"") -> 100.05 | C12: =IF(C$9="","",IFERROR($B12*(1+C$10*(C$9-$B$9)),"")) -> 100.05 | D12: =IF(D$9="","",IFERROR($B12*(1+D$10*(D$9-$B$9)),"")) | E12: =IF(E$9="","",IFERROR($B12*(1+E$10*(E$9-$B$9)),"")) | F12: =IF(F$9="","",IFERROR($B12*(1+F$10*(F$9-$B$9)),"")) | G12: =IF(G$9="","",IFERROR($B12*(1+G$10*(G$9-$B$9)),"")) | H12: =IF(H$9="","",IFERROR($B12*(1+H$10*(H$9-$B$9)),"")) | I12: =IF(I$9="","",IFERROR($B12*(1+I$10*(I$9-$B$9)),"")) | J12: =IF(J$9="","",IFERROR($B12*(1+J$10*(J$9-$B$9)),"")) | K12: =IF(K$9="","",IFERROR($B12*(1+K$10*(K$9-$B$9)),""))
A13: b-Breite (mm) | B13: =IF(Probendimensionen!B2="Rechteck",Probendimensionen!B30,"") -> 9.067 | C13: =IF(C$9="","",IFERROR($B13*(1+C$10*(C$9-$B$9)),"")) -> 9.067 | D13: =IF(D$9="","",IFERROR($B13*(1+D$10*(D$9-$B$9)),"")) | E13: =IF(E$9="","",IFERROR($B13*(1+E$10*(E$9-$B$9)),"")) | F13: =IF(F$9="","",IFERROR($B13*(1+F$10*(F$9-$B$9)),"")) | G13: =IF(G$9="","",IFERROR($B13*(1+G$10*(G$9-$B$9)),"")) | H13: =IF(H$9="","",IFERROR($B13*(1+H$10*(H$9-$B$9)),"")) | I13: =IF(I$9="","",IFERROR($B13*(1+I$10*(I$9-$B$9)),"")) | J13: =IF(J$9="","",IFERROR($B13*(1+J$10*(J$9-$B$9)),"")) | K13: =IF(K$9="","",IFERROR($B13*(1+K$10*(K$9-$B$9)),""))
A14: t-Dicke (mm) | B14: =IF(Probendimensionen!B2="Rechteck",Probendimensionen!B31,"") -> 3.002 | C14: =IF(C$9="","",IFERROR($B14*(1+C$10*(C$9-$B$9)),"")) -> 3.002 | D14: =IF(D$9="","",IFERROR($B14*(1+D$10*(D$9-$B$9)),"")) | E14: =IF(E$9="","",IFERROR($B14*(1+E$10*(E$9-$B$9)),"")) | F14: =IF(F$9="","",IFERROR($B14*(1+F$10*(F$9-$B$9)),"")) | G14: =IF(G$9="","",IFERROR($B14*(1+G$10*(G$9-$B$9)),"")) | H14: =IF(H$9="","",IFERROR($B14*(1+H$10*(H$9-$B$9)),"")) | I14: =IF(I$9="","",IFERROR($B14*(1+I$10*(I$9-$B$9)),"")) | J14: =IF(J$9="","",IFERROR($B14*(1+J$10*(J$9-$B$9)),"")) | K14: =IF(K$9="","",IFERROR($B14*(1+K$10*(K$9-$B$9)),""))
A15: ff (Hz) fk | B15: 1598.579 | C15: 1598.747
A16: ff (Hz) hk | B16: 4704.533 | C16: 4707.067
A17: T1 (fk) | B17: =IF(B15="","",IF(B12/B14<20,1+(6.585*(1+0.0752*$B$19+0.8109*($B$19^2))*((B14/B12)^2))-(0.868*((B14/B12)^4))-((8.34*(1+0.2023*$B$19+2.173*($B$19^2)))*(B14/B12)^4)/(1+6.338*(1+0.1408*$B$19+1.536*($B$19^2))*((B14/B12)^2)),(1+6.585*((B14/B12)^2)))) -> 1.0059285 | C17: =IF(C15="","",IF(C12/C14<20,1+(6.585*(1+0.0752*$C$19+0.8109*($C$19^2))*((C14/C12)^2))-(0.868*((C14/C12)^4))-((8.34*(1+0.2023*$C$19+2.173*($C$19^2)))*(C14/C12)^4)/(1+6.338*(1+0.1408*$C$19+1.536*($C$19^2))*((C14/C12)^2)),(1+6.585*((C14/C12)^2)))) -> 1.0059285 | D17: =IF(D15="","",IF(D12/D14<20,1+(6.585*(1+0.0752*$D$19+0.8109*($D$19^2))*((D14/D12)^2))-(0.868*((D14/D12)^4))-((8.34*(1+0.2023*$D$19+2.173*($D$19^2)))*(D14/D12)^4)/(1+6.338*(1+0.1408*$D$19+1.536*($D$19^2))*((D14/D12)^2)),(1+6.585*((D14/D12)^2)))) | E17: =IF(E15="","",IF(E12/E14<20,1+(6.585*(1+0.0752*$E$19+0.8109*($E$19^2))*((E14/E12)^2))-(0.868*((E14/E12)^4))-((8.34*(1+0.2023*$E$19+2.173*($E$19^2)))*(E14/E12)^4)/(1+6.338*(1+0.1408*$E$19+1.536*($E$19^2))*((E14/E12)^2)),(1+6.585*((E14/E12)^2)))) | F17: =IF(F15="","",IF(F12/F14<20,1+(6.585*(1+0.0752*$F$19+0.8109*($F$19^2))*((F14/F12)^2))-(0.868*((F14/F12)^4))-((8.34*(1+0.2023*$F$19+2.173*($F$19^2)))*(F14/F12)^4)/(1+6.338*(1+0.1408*$F$192+1.536*($F$19^2))*((F14/F12)^2)),(1+6.585*((F14/F12)^2)))) | G17: =IF(G15="","",IF(G12/G14<20,1+(6.585*(1+0.0752*$G$19+0.8109*($G$19^2))*((G14/G12)^2))-(0.868*((G14/G12)^4))-((8.34*(1+0.2023*$G$19+2.173*($G$19^2)))*(G14/G12)^4)/(1+6.338*(1+0.1408*$G$19+1.536*($G$19^2))*((G14/G12)^2)),(1+6.585*((G14/G12)^2)))) | H17: =IF(H15="","",IF(H12/H14<20,1+(6.585*(1+0.0752*$H$19+0.8109*($H$19^2))*((H14/H12)^2))-(0.868*((H14/H12)^4))-((8.34*(1+0.2023*$H$19+2.173*($H$19^2)))*(H14/H12)^4)/(1+6.338*(1+0.1408*$H$19+1.536*($H$19^2))*((H14/H12)^2)),(1+6.585*((H14/H12)^2)))) | I17: =IF(I15="","",IF(I12/I14<20,1+(6.585*(1+0.0752*$I$19+0.8109*($I$19^2))*((I14/I12)^2))-(0.868*((I14/I12)^4))-((8.34*(1+0.2023*$I$19+2.173*($I$19^2)))*(I14/I12)^4)/(1+6.338*(1+0.1408*$I$19+1.536*($I$19^2))*((I14/I12)^2)),(1+6.585*((I14/I12)^2)))) | J17: =IF(J15="","",IF(J12/J14<20,1+(6.585*(1+0.0752*$J$19+0.8109*($J$19^2))*((J14/J12)^2))-(0.868*((J14/J12)^4))-((8.34*(1+0.2023*$J$19+2.173*($J$19^2)))*(J14/J12)^4)/(1+6.338*(1+0.1408*$J$19+1.536*($J$19^2))*((J14/J12)^2)),(1+6.585*((J14/J12)^2)))) | K17: =IF(K15="","",IF(K12/K14<20,1+(6.585*(1+0.0752*$K$19+0.8109*($K$19^2))*((K14/K12)^2))-(0.868*((K14/K12)^4))-((8.34*(1+0.2023*$K$19+2.173*($K$19^2)))*(K14/K12)^4)/(1+6.338*(1+0.1408*$K$19+1.536*($K$19^2))*((K14/K12)^2)),(1+6.585*((K14/K12)^2))))
A18: T1 (hk) | B18: =IF(B16="","",IF(B12/B13<20,1+(6.585*(1+(0.0752*$B$19)+0.8109*($B$19^2))*((B13/B12)^2))-(0.868*((B13/B12)^4))-((8.34*(1+(0.2023*$B$19)+2.173*($B$19^2)))*((B13/B12)^4))/(1+6.338*(1+(0.1408*$B$19)+1.536*($B$19^2))*((B13/B12)^2)),(1+6.585*((B13/B12)^2)))) -> 1.0598806 | C18: =IF(C16="","",IF(C12/C13<20,1+(6.585*(1+(0.0752*$C$19)+0.8109*($C$19^2))*((C13/C12)^2))-(0.868*((C13/C12)^4))-((8.34*(1+(0.2023*$C$19)+2.173*($C$19^2)))*((C13/C12)^4))/(1+6.338*(1+(0.1408*$C$19)+1.536*($C$19^2))*((C13/C12)^2)),(1+6.585*((C13/C12)^2)))) -> 1.0598743 | D18: =IF(D16="","",IF(D12/D13<20,1+(6.585*(1+(0.0752*$D$19)+0.8109*($D$19^2))*((D13/D12)^2))-(0.868*((D13/D12)^4))-((8.34*(1+(0.2023*$D$19)+2.173*($D$19^2)))*((D13/D12)^4))/(1+6.338*(1+(0.1408*$D$19)+1.536*($D$19^2))*((D13/D12)^2)),(1+6.585*((D13/D12)^2)))) | E18: =IF(E16="","",IF(E12/E13<20,1+(6.585*(1+(0.0752*$E$19)+0.8109*($E$19^2))*((E13/E12)^2))-(0.868*((E13/E12)^4))-((8.34*(1+(0.2023*$E$19)+2.173*($E$19^2)))*((E13/E12)^4))/(1+6.338*(1+(0.1408*$E$19)+1.536*($E$19^2))*((E13/E12)^2)),(1+6.585*((E13/E12)^2)))) | F18: =IF(F16="","",IF(F12/F13<20,1+(6.585*(1+(0.0752*$F$19)+0.8109*($F$19^2))*((F13/F12)^2))-(0.868*((F13/F12)^4))-((8.34*(1+(0.2023*$F$19)+2.173*($F$19^2)))*((F13/F12)^4))/(1+6.338*(1+(0.1408*$F$19)+1.536*($F$19^2))*((F13/F12)^2)),(1+6.585*((F13/F12)^2)))) | G18: =IF(G16="","",IF(G12/G13<20,1+(6.585*(1+(0.0752*$G$19)+0.8109*($G$19^2))*((G13/G12)^2))-(0.868*((G13/G12)^4))-((8.34*(1+(0.2023*$G$19)+2.173*($G$19^2)))*((G13/G12)^4))/(1+6.338*(1+(0.1408*$G$19)+1.536*($G$19^2))*((G13/G12)^2)),(1+6.585*((G13/G12)^2)))) | H18: =IF(H16="","",IF(H12/H13<20,1+(6.585*(1+(0.0752*$H$19)+0.8109*($H$19^2))*((H13/H12)^2))-(0.868*((H13/H12)^4))-((8.34*(1+(0.2023*$H$19)+2.173*($H$19^2)))*((H13/H12)^4))/(1+6.338*(1+(0.1408*$H$19)+1.536*($H$19^2))*((H13/H12)^2)),(1+6.585*((H13/H12)^2)))) | I18: =IF(I16="","",IF(I12/I13<20,1+(6.585*(1+(0.0752*$I$19)+0.8109*($I$19^2))*((I13/I12)^2))-(0.868*((I13/I12)^4))-((8.34*(1+(0.2023*$I$19)+2.173*($I$19^2)))*((I13/I12)^4))/(1+6.338*(1+(0.1408*$I$19)+1.536*($I$19^2))*((I13/I12)^2)),(1+6.585*((I13/I12)^2)))) | J18: =IF(J16="","",IF(J12/J13<20,1+(6.585*(1+(0.0752*$J$19)+0.8109*($J$19^2))*((J13/J12)^2))-(0.868*((J13/J12)^4))-((8.34*(1+(0.2023*$J$19)+2.173*($J$19^2)))*((J13/J12)^4))/(1+6.338*(1+(0.1408*$J$19)+1.536*($J$19^2))*((J13/J12)^2)),(1+6.585*((J13/J12)^2)))) | K18: =IF(K16="","",IF(K12/K13<20,1+(6.585*(1+(0.0752*$K$19)+0.8109*($K$19^2))*((K13/K12)^2))-(0.868*((K13/K12)^4))-((8.34*(1+(0.2023*$K$19)+2.173*($K$19^2)))*((K13/K12)^4))/(1+6.338*(1+(0.1408*$K$19)+1.536*($K$19^2))*((K13/K12)^2)),(1+6.585*((K13/K12)^2))))
A19: µ | B19: 0.34311376 | C19: 0.34292372
A20: E fk (GPa) | B20: =IF(B15>0,0.9465*(B11*(B15^2)/B13)*((B12/B14)^3)*B17*10^-9,"") -> 212.20394 | C20: =IF(C15>0,0.9465*(C11*(C15^2)/C13)*((C12/C14)^3)*C17*10^-9,"") -> 212.24854 | D20: =IF(D15>0,0.9465*(D11*(D15^2)/D13)*((D12/D14)^3)*D17*10^-9,"") | E20: =IF(E15>0,0.9465*(E11*(E15^2)/E13)*((E12/E14)^3)*E17*10^-9,"") | F20: =IF(F15>0,0.9465*(F11*(F15^2)/F13)*((F12/F14)^3)*F17*10^-9,"") | G20: =IF(G15>0,0.9465*(G11*(G15^2)/G13)*((G12/G14)^3)*G17*10^-9,"") | H20: =IF(H15>0,0.9465*(H11*(H15^2)/H13)*((H12/H14)^3)*H17*10^-9,"") | I20: =IF(I15>0,0.9465*(I11*(I15^2)/I13)*((I12/I14)^3)*I17*10^-9,"") | ... K20: =IF(K15>0,0.9465*(K11*(K15^2)/K13)*((K12/K14)^3)*K17*10^-9,"")
A21: E hk (GPa) | B21: =IF(B16>0,0.9465*(B11*(B16^2)/B14)*((B12/B13)^3)*B18*10^-9,"") -> 212.27666 | C21: =IF(C16>0,0.9465*(C11*(C16^2)/C14)*((C12/C13)^3)*C18*10^-9,"") -> 212.50413 | D21: =IF(D16>0,0.9465*(D11*(D16^2)/D14)*((D12/D13)^3)*D18*10^-9,"") | E21: =IF(E16>0,0.9465*(E11*(E16^2)/E14)*((E12/E13)^3)*E18*10^-9,"") | F21: =IF(F16>0,0.9465*(F11*(F16^2)/F14)*((F12/F13)^3)*F18*10^-9,"") | G21: =IF(G16>0,0.9465*(G11*(G16^2)/G14)*((G12/G13)^3)*G18*10^-9,"") | H21: =IF(H16>0,0.9465*(H11*(H16^2)/H14)*((H12/H13)^3)*H18*10^-9,"") | I21: =IF(I16>0,0.9465*(I11*(I16^2)/I14)*((I12/I13)^3)*I18*10^-9,"") | ... K21: =IF(K16>0,0.9465*(K11*(K16^2)/K14)*((K12/K13)^3)*K18*10^-9,"")
A22: Mittelwert (GPa) | B22: =IF((B15+B16)>0,AVERAGE(B20:B21),"") -> 212.2403 | C22: =IF((C15+C16)>0,AVERAGE(C20:C21),"") -> 212.37634 | D22: =IF((D15+D16)>0,AVERAGE(D20:D21),"") | E22: =IF((E15+E16)>0,AVERAGE(E20:E21),"") | F22: =IF((F15+F16)>0,AVERAGE(F20:F21),"") | G22: =IF((G15+G16)>0,AVERAGE(G20:G21),"") | H22: =IF((H15+H16)>0,AVERAGE(H20:H21),"") | I22: =IF((I15+I16)>0,AVERAGE(I20:I21),"") | ... K22: =IF((K15+K16)>0,AVERAGE(K20:K21),"")
A23: Versuchs-Nr. | B23: 1 | C23: 2 | D23: 3 | E23: 4 | F23: 5 | G23: 6 | H23: 7 | I23: 8 | J23: 9 | K23: 10
A24: Konditionen | B24: Ges. Spek. | C24: Einzelscan
A26: Bemerkung:
A29: Datum: | G29: Datum:
A30: Prüferleiter: | G30: Prüfer:

Sheet G-Modul_rechteck
A1: G-Modulbestimmung nach ASTM E 1875 mit Berücksichtigung der thermischen Ausdehnung
A2: Torsionsresonanz eines Probekörpers mit rechteckigem Querschnitt
A3: Eingabe nur in die farblich gekennzeichneten Felder
A4: Auftrags-Nr.: | B4: ='E-Modul_rechteck'!B4:G4 -> 5.22/430
A5: Material: | B5: ='E-Modul_rechteck'!B5:G5 -> S355J2 + N
A6: Proben-Nr: | B6: ='E-Modul_rechteck'!B6:G6 -> ERX2
A8: Größen | B8: Temperatur [°C]
B9: 24 | C9: =IF('E-Modul_rechteck'!C9="","",'E-Modul_rechteck'!C9) -> 24 | D9: =IF('E-Modul_rechteck'!D9="","",'E-Modul_rechteck'!D9) | E9: =IF('E-Modul_rechteck'!E9="","",'E-Modul_rechteck'!E9) | F9: =IF('E-Modul_rechteck'!F9="","",'E-Modul_rechteck'!F9) | G9: =IF('E-Modul_rechteck'!G9="","",'E-Modul_rechteck'!G9) | H9: =IF('E-Modul_rechteck'!H9="","",'E-Modul_rechteck'!H9) | I9: =IF('E-Modul_rechteck'!I9="","",'E-Modul_rechteck'!I9) | J9: =IF('E-Modul_rechteck'!J9="","",'E-Modul_rechteck'!J9) | K9: =IF('E-Modul_rechteck'!K9="","",'E-Modul_rechteck'!K9)
A10: alpha (1/K) | C10: ='E-Modul_rechteck'!C10 -> 0 | D10: ='E-Modul_rechteck'!D10 -> 0 | E10: ='E-Modul_rechteck'!E10 -> 0 | F10: ='E-Modul_rechteck'!F10 -> 0 | G10: ='E-Modul_rechteck'!G10 -> 0 | H10: ='E-Modul_rechteck'!H10 -> 0 | I10: ='E-Modul_rechteck'!I10 -> 0 | J10: ='E-Modul_rechteck'!J10 -> 0 | K10: ='E-Modul_rechteck'!K10 -> 0
A11: m (g) | B11: ='E-Modul_rechteck'!B11 -> 21.362 | C11: ='E-Modul_rechteck'!C11 -> 21.362 | D11: ='E-Modul_rechteck'!D11 | E11: ='E-Modul_rechteck'!E11 | F11: ='E-Modul_rechteck'!F11 | G11: ='E-Modul_rechteck'!G11 | H11: ='E-Modul_rechteck'!H11 | I11: ='E-Modul_rechteck'!I11 | ... K11: ='E-Modul_rechteck'!K11
A12: L (mm) | B12: ='E-Modul_rechteck'!B12 -> 100.05 | C12: ='E-Modul_rechteck'!C12 -> 100.05 | D12: ='E-Modul_rechteck'!D12 | E12: ='E-Modul_rechteck'!E12 | F12: ='E-Modul_rechteck'!F12 | G12: ='E-Modul_rechteck'!G12 | H12: ='E-Modul_rechteck'!H12 | I12: ='E-Modul_rechteck'!I12 | ... K12: ='E-Modul_rechteck'!K12
A13: b-Breite (mm) | B13: ='E-Modul_rechteck'!B13 -> 9.067 | C13: ='E-Modul_rechteck'!C13 -> 9.067 | D13: ='E-Modul_rechteck'!D13 | E13: ='E-Modul_rechteck'!E13 | F13: ='E-Modul_rechteck'!F13 | G13: ='E-Modul_rechteck'!G13 | H13: ='E-Modul_rechteck'!H13 | I13: ='E-Modul_rechteck'!I13 | ... K13: ='E-Modul_rechteck'!K13
A14: t-Dicke (mm) | B14: ='E-Modul_rechteck'!B14 -> 3.002 | C14: ='E-Modul_rechteck'!C14 -> 3.002 | D14: ='E-Modul_rechteck'!D14 | E14: ='E-Modul_rechteck'!E14 | F14: ='E-Modul_rechteck'!F14 | G14: ='E-Modul_rechteck'!G14 | H14: ='E-Modul_rechteck'!H14 | I14: ='E-Modul_rechteck'!I14 | ... K14: ='E-Modul_rechteck'!K14
A15: ft (Hz) | B15: 8899.446 | C15: 8901.011
A16: B | B16: =IF(B15>0,((B13/B14)+(B14/B13))/(4*(B14/B13)-2.52*((B14/B13)^2)+0.21*((B14/B13)^6)),"") -> 3.1967074 | C16: =IF(C15>0,((C13/C14)+(C14/C13))/(4*(C14/C13)-2.52*((C14/C13)^2)+0.21*((C14/C13)^6)),"") -> 3.1967074 | D16: =IF(D15>0,((D13/D14)+(D14/D13))/(4*(D14/D13)-2.52*((D14/D13)^2)+0.21*((D14/D13)^6)),"") | E16: =IF(E15>0,((E13/E14)+(E14/E13))/(4*(E14/E13)-2.52*((E14/E13)^2)+0.21*((E14/E13)^6)),"") | F16: =IF(F15>0,((F13/F14)+(F14/F13))/(4*(F14/F13)-2.52*((F14/F13)^2)+0.21*((F14/F13)^6)),"") | G16: =IF(G15>0,((G13/G14)+(G14/G13))/(4*(G14/G13)-2.52*((G14/G13)^2)+0.21*((G14/G13)^6)),"") | H16: =IF(H15>0,((H13/H14)+(H14/H13))/(4*(H14/H13)-2.52*((H14/H13)^2)+0.21*((H14/H13)^6)),"") | I16: =IF(I15>0,((I13/I14)+(I14/I13))/(4*(I14/I13)-2.52*((I14/I13)^2)+0.21*((I14/I13)^6)),"") | ... K16: =IF(K15>0,((K13/K14)+(K14/K13))/(4*(K14/K13)-2.52*((K14/K13)^2)+0.21*((K14/K13)^6)),"")
A17: A | B17: =IF(B15>0,(0.5062-(0.8776*(B13/B14))+(0.3504*((B13/B14)^2))-(0.0078*((B13/B14)^3)))/(12.03*(B13/B14)+(9.892*((B13/B14)^2))),"") -> 0.0066137875 | C17: =IF(C15>0,(0.5062-(0.8776*(C13/C14))+(0.3504*((C13/C14)^2))-(0.0078*((C13/C14)^3)))/(12.03*(C13/C14)+(9.892*((C13/C14)^2))),"") -> 0.0066137875 | D17: =IF(D15>0,(0.5062-(0.8776*(D13/D14))+(0.3504*((D13/D14)^2))-(0.0078*((D13/D14)^3)))/(12.03*(D13/D14)+(9.892*((D13/D14)^2))),"") | E17: =IF(E15>0,(0.5062-(0.8776*(E13/E14))+(0.3504*((E13/E14)^2))-(0.0078*((E13/E14)^3)))/(12.03*(E13/E14)+(9.892*((E13/E14)^2))),"") | F17: =IF(F15>0,(0.5062-(0.8776*(F13/F14))+(0.3504*((F13/F14)^2))-(0.0078*((F13/F14)^3)))/(12.03*(F13/F14)+(9.892*((F13/F14)^2))),"") | G17: =IF(G15>0,(0.5062-(0.8776*(G13/G14))+(0.3504*((G13/G14)^2))-(0.0078*((G13/G14)^3)))/(12.03*(G13/G14)+(9.892*((G13/G14)^2))),"") | H17: =IF(H15>0,(0.5062-(0.8776*(H13/H14))+(0.3504*((H13/H14)^2))-(0.0078*((H13/H14)^3)))/(12.03*(H13/H14)+(9.892*((H13/H14)^2))),"") | I17: =IF(I15>0,(0.5062-(0.8776*(I13/I14))+(0.3504*((I13/I14)^2))-(0.0078*((I13/I14)^3)))/(12.03*(I13/I14)+(9.892*((I13/I14)^2))),"") | ... K17: =IF(K15>0,(0.5062-(0.8776*(K13/K14))+(0.3504*((K13/K14)^2))-(0.0078*((K13/K14)^3)))/(12.03*(K13/K14)+(9.892*((K13/K14)^2))),"")
A18: G (GPa) | B18: =IF(B$15="","",((4*B12*B11*(B15^2)/(B13*B14))*(B16/(1+B17))/10^9)) -> 78.997008 | C18: =IF(C$15="","",((4*C12*C11*(C15^2)/(C13*C14))*(C16/(1+C17))/10^9)) -> 79.024794 | D18: =IF(D$15="","",((4*D12*D11*(D15^2)/(D13*D14))*(D16/(1+D17))/10^9)) | E18: =IF(E$15="","",((4*E12*E11*(E15^2)/(E13*E14))*(E16/(1+E17))/10^9)) | F18: =IF(F$15="","",((4*F12*F11*(F15^2)/(F13*F14))*(F16/(1+F17))/10^9)) | G18: =IF(G$15="","",((4*G12*G11*(G15^2)/(G13*G14))*(G16/(1+G17))/10^9)) | H18: =IF(H$15="","",((4*H12*H11*(H15^2)/(H13*H14))*(H16/(1+H17))/10^9)) | I18: =IF(I$15="","",((4*I12*I11*(I15^2)/(I13*I14))*(I16/(1+I17))/10^9)) | ... K18: =IF(K$15="","",((4*K12*K11*(K15^2)/(K13*K14))*(K16/(1+K17))/10^9))
A20: E fk (GPa) | B20: ='E-Modul_rechteck'!B20 -> 212.20394 | C20: ='E-Modul_rechteck'!C20 -> 212.24854 | D20: ='E-Modul_rechteck'!D20 | E20: ='E-Modul_rechteck'!E20 | F20: ='E-Modul_rechteck'!F20 | G20: ='E-Modul_rechteck'!G20 | H20: ='E-Modul_rechteck'!H20 | I20: ='E-Modul_rechteck'!I20 | ... K20: ='E-Modul_rechteck'!K20
A21: µ | B21: =IF(B20="","",(B20/(2*B18))-1) -> 0.34311376 | C21: =IF(C20="","",(C20/(2*C18))-1) -> 0.34292372 | D21: =IF(D20="","",(D20/(2*D18))-1) | E21: =IF(E20="","",(E20/(2*E18))-1) | F21: =IF(F20="","",(F20/(2*F18))-1) | G21: =IF(G20="","",(G20/(2*G18))-1) | H21: =IF(H20="","",(H20/(2*H18))-1) | I21: =IF(I20="","",(I20/(2*I18))-1) | ... K21: =IF(K20="","",(K20/(2*K18))-1)
A22: Versuchs-Nr. | B22: 1 | C22: 2 | D22: 3 | E22: 4 | F22: 5 | G22: 6 | H22: 7 | I22: 8 | J22: 9 | K22: 10
A23: Konditionen
A25: Bemerkung:
A28: Datum: | G28: Datum:
A29: Prüferleiter | G29: Prüfer:

Sheet E-Modul_rund
A1: E-Modulbestimmung nach ASTM E 1875 mit Berücksichtigung der thermischen Ausdehnung
A2: Biegeresonanz eines Probekörpers mit rundem Querschnitt
A3: Eingabe nur in die farblich gekennzeichneten Felder
A4: Auftrags-Nr.: | B4: =IF(Probendimensionen!B3="","",Probendimensionen!B3) -> 5.22/430
A5: Material: | B5: =IF(Probendimensionen!B4="","",Probendimensionen!B4) -> S355J2 + N
A6: Proben-Nr: | B6: =IF(Probendimensionen!B7="","",Probendimensionen!B7) -> ERX2
A8: Größen | B8: Temperatur [°C]
B9: 24
A10: alpha (1/K)
A11: m (g) | B11: =IF(Probendimensionen!B2="Rund",Probendimensionen!B28,"") | C11: =IF(C$9="","",$B$11) | D11: =IF(D$9="","",$B$11) | E11: =IF(E$9="","",$B$11) | F11: =IF(F$9="","",$B$11) | G11: =IF(G$9="","",$B$11) | H11: =IF(H$9="","",$B$11) | I11: =IF(I$9="","",$B$11) | J11: =IF(J$9="","",$B$11) | K11: =IF(K$9="","",$B$11)
A12: L (mm) | B12: =IF(Probendimensionen!B2="Rund",Probendimensionen!B29,"") | C12: =IF(C$9="","",IFERROR($B12*(1+C$10*(C$9-$B$9)),"")) | D12: =IF(D$9="","",IFERROR($B12*(1+D$10*(D$9-$B$9)),"")) | E12: =IF(E$9="","",IFERROR($B12*(1+E$10*(E$9-$B$9)),"")) | F12: =IF(F$9="","",IFERROR($B12*(1+F$10*(F$9-$B$9)),"")) | G12: =IF(G$9="","",IFERROR($B12*(1+G$10*(G$9-$B$9)),"")) | H12: =IF(H$9="","",IFERROR($B12*(1+H$10*(H$9-$B$9)),"")) | I12: =IF(I$9="","",IFERROR($B12*(1+I$10*(I$9-$B$9)),"")) | J12: =IF(J$9="","",IFERROR($B12*(1+J$10*(J$9-$B$9)),"")) | K12: =IF(K$9="","",IFERROR($B12*(1+K$10*(K$9-$B$9)),""))
A13: D (mm) | B13: =IF(Probendimensionen!B2="Rund",Probendimensionen!B30,"") | C13: =IF(C$9="","",IFERROR($B13*(1+C$10*(C$9-$B$9)),"")) | D13: =IF(D$9="","",IFERROR($B13*(1+D$10*(D$9-$B$9)),"")) | E13: =IF(E$9="","",IFERROR($B13*(1+E$10*(E$9-$B$9)),"")) | F13: =IF(F$9="","",IFERROR($B13*(1+F$10*(F$9-$B$9)),"")) | G13: =IF(G$9="","",IFERROR($B13*(1+G$10*(G$9-$B$9)),"")) | H13: =IF(H$9="","",IFERROR($B13*(1+H$10*(H$9-$B$9)),"")) | I13: =IF(I$9="","",IFERROR($B13*(1+I$10*(I$9-$B$9)),"")) | J13: =IF(J$9="","",IFERROR($B13*(1+J$10*(J$9-$B$9)),"")) | K13: =IF(K$9="","",IFERROR($B13*(1+K$10*(K$9-$B$9)),""))
A14: ff (Hz)
A15: T1' | B15: =IF(B14="","",(IF(B12/B13<20,(1+(4.939*(1+(0.0752*$B$16)+(0.8109*($B$16^2))))*((B13/B12)^2)-0.4883*((B13/B12)^4)-((4.691*(1+(0.2023*$B$16)+(2.173*($B$16^2)))*((B13/B12)^4))/(1+(4.754*(1+(0.1408*$B$16)+(1.536*($B$16^2)))*((B13/B12)^2))))),(1+(4.939*((B13/B12)^2)))))) | C15: =IF(C14="","",(IF(C12/C13<20,(1+(4.939*(1+(0.0752*$C$16)+(0.8109*($C$16^2))))*((C13/C12)^2)-0.4883*((C13/C12)^4)-((4.691*(1+(0.2023*$C$16)+(2.173*($C$16^2)))*((C13/C12)^4))/(1+(4.754*(1+(0.1408*$C$16)+(1.536*($C$16^2)))*((C13/C12)^2))))),(1+(4.939*((C13/C12)^2)))))) | D15: =IF(D14="","",(IF(D12/D13<20,(1+(4.939*(1+(0.0752*$D$16)+(0.8109*($D$16^2))))*((D13/D12)^2)-0.4883*((D13/D12)^4)-((4.691*(1+(0.2023*$D$16)+(2.173*($D$16^2)))*((D13/D12)^4))/(1+(4.754*(1+(0.1408*$D$16)+(1.536*($D$16^2)))*((D13/D12)^2))))),(1+(4.939*((D13/D12)^2)))))) | E15: =IF(E14="","",(IF(E12/E13<20,(1+(4.939*(1+(0.0752*$E$16)+(0.8109*($E$16^2))))*((E13/E12)^2)-0.4883*((E13/E12)^4)-((4.691*(1+(0.2023*$E$16)+(2.173*($E$16^2)))*((E13/E12)^4))/(1+(4.754*(1+(0.1408*$E$16)+(1.536*($E$16^2)))*((E13/E12)^2))))),(1+(4.939*((E13/E12)^2)))))) | F15: =IF(F14="","",(IF(F12/F13<20,(1+(4.939*(1+(0.0752*$F$16)+(0.8109*($F$16^2))))*((F13/F12)^2)-0.4883*((F13/F12)^4)-((4.691*(1+(0.2023*$F$16)+(2.173*($F$16^2)))*((F13/F12)^4))/(1+(4.754*(1+(0.1408*$F$16)+(1.536*($F$16^2)))*((F13/F12)^2))))),(1+(4.939*((F13/F12)^2)))))) | G15: =IF(G14="","",(IF(G12/G13<20,(1+(4.939*(1+(0.0752*$G$16)+(0.8109*($G$16^2))))*((G13/G12)^2)-0.4883*((G13/G12)^4)-((4.691*(1+(0.2023*$G$16)+(2.173*($G$16^2)))*((G13/G12)^4))/(1+(4.754*(1+(0.1408*$G$16)+(1.536*($G$16^2)))*((G13/G12)^2))))),(1+(4.939*((G13/G12)^2)))))) | H15: =IF(H14="","",(IF(H12/H13<20,(1+(4.939*(1+(0.0752*$H$16)+(0.8109*($H$16^2))))*((H13/H12)^2)-0.4883*((H13/H12)^4)-((4.691*(1+(0.2023*$H$16)+(2.173*($H$16^2)))*((H13/H12)^4))/(1+(4.754*(1+(0.1408*$H$16)+(1.536*($H$16^2)))*((H13/H12)^2))))),(1+(4.939*((H13/H12)^2)))))) | I15: =IF(I14="","",(IF(I12/I13<20,(1+(4.939*(1+(0.0752*$I$16)+(0.8109*($I$16^2))))*((I13/I12)^2)-0.4883*((I13/I12)^4)-((4.691*(1+(0.2023*$I$16)+(2.173*($I$16^2)))*((I13/I12)^4))/(1+(4.754*(1+(0.1408*$I$16)+(1.536*($I$16^2)))*((I13/I12)^2))))),(1+(4.939*((I13/I12)^2)))))) | J15: =IF(J14="","",(IF(J12/J13<20,(1+(4.939*(1+(0.0752*$J$16)+(0.8109*($J$16^2))))*((J13/J12)^2)-0.4883*((J13/J12)^4)-((4.691*(1+(0.2023*$J$16)+(2.173*($J$16^2)))*((J13/J12)^4))/(1+(4.754*(1+(0.1408*$J$16)+(1.536*($J$16^2)))*((J13/J12)^2))))),(1+(4.939*((J13/J12)^2)))))) | K15: =IF(K14="","",(IF(K12/K13<20,(1+(4.939*(1+(0.0752*$K$16)+(0.8109*($K$16^2))))*((K13/K12)^2)-0.4883*((K13/K12)^4)-((4.691*(1+(0.2023*$K$16)+(2.173*($K$16^2)))*((K13/K12)^4))/(1+(4.754*(1+(0.1408*$K$16)+(1.536*($K$16^2)))*((K13/K12)^2))))),(1+(4.939*((K13/K12)^2))))))
A16: µ
A17: E (GPa) | B17: =IF(B14="","",(1.6067*((B12^3)/(B13^4))*((B11*(B14^2))*B15))/10^9) | C17: =IF(C14="","",(1.6067*((C12^3)/(C13^4))*((C11*(C14^2))*C15))/10^9) | D17: =IF(D14="","",(1.6067*((D12^3)/(D13^4))*((D11*(D14^2))*D15))/10^9) | E17: =IF(E14="","",(1.6067*((E12^3)/(E13^4))*((E11*(E14^2))*E15))/10^9) | F17: =IF(F14="","",(1.6067*((F12^3)/(F13^4))*((F11*(F14^2))*F15))/10^9) | G17: =IF(G14="","",(1.6067*((G12^3)/(G13^4))*((G11*(G14^2))*G15))/10^9) | H17: =IF(H14="","",(1.6067*((H12^3)/(H13^4))*((H11*(H14^2))*H15))/10^9) | I17: =IF(I14="","",(1.6067*((I12^3)/(I13^4))*((I11*(I14^2))*I15))/10^9) | ... K17: =IF(K14="","",(1.6067*((K12^3)/(K13^4))*((K11*(K14^2))*K15))/10^9)
A18: Versuchs-Nr. | B18: 1 | C18: 2 | D18: 3 | E18: 4 | F18: 5 | G18: 6 | H18: 7 | I18: 8 | J18: 9 | K18: 10
A19: Konditionen
A21: Bemerkungen
A24: Datum: | G24: Datum:
A25: Prüfleiter: | G25: Prüfer:

Sheet G-Modul_rund
A1: G-Modulbestimmung nach ASTM E 1875 mit Berücksichtigung der thermischen Ausdehnung
A2: Torsionsresonanz eines Probekörpers mit rundem Querschnitt
A3: Eingabe nur in die farblich gekennzeichneten Felder
A4: Auftrags-Nr.: | B4: =IF('E-Modul_rund'!B4:G4="","",'E-Modul_rund'!B4:G4) -> 5.22/430
A5: Material: | B5: =IF('E-Modul_rund'!B5:G5="","",'E-Modul_rund'!B5:G5) -> S355J2 + N
A6: Proben-Nr: | B6: =IF('E-Modul_rund'!B6:G6="","",'E-Modul_rund'!B6:G6) -> ERX2
A8: Größen | B8: Temperatur [°C]
B9: 24 | C9: =IF('E-Modul_rund'!C9="","",'E-Modul_rund'!C9) | D9: =IF('E-Modul_rund'!D9="","",'E-Modul_rund'!D9) | E9: =IF('E-Modul_rund'!E9="","",'E-Modul_rund'!E9) | F9: =IF('E-Modul_rund'!F9="","",'E-Modul_rund'!F9) | G9: =IF('E-Modul_rund'!G9="","",'E-Modul_rund'!G9) | H9: =IF('E-Modul_rund'!H9="","",'E-Modul_rund'!H9) | I9: =IF('E-Modul_rund'!I9="","",'E-Modul_rund'!I9) | J9: =IF('E-Modul_rund'!J9="","",'E-Modul_rund'!J9) | K9: =IF('E-Modul_rund'!K9="","",'E-Modul_rund'!K9)
A10: alpha (1/K) | C10: =IF('E-Modul_rund'!C10="","",'E-Modul_rund'!C10) | D10: =IF('E-Modul_rund'!D10="","",'E-Modul_rund'!D10) | E10: =IF('E-Modul_rund'!E10="","",'E-Modul_rund'!E10) | F10: =IF('E-Modul_rund'!F10="","",'E-Modul_rund'!F10) | G10: =IF('E-Modul_rund'!G10="","",'E-Modul_rund'!G10) | H10: =IF('E-Modul_rund'!H10="","",'E-Modul_rund'!H10) | I10: =IF('E-Modul_rund'!I10="","",'E-Modul_rund'!I10) | J10: =IF('E-Modul_rund'!J10="","",'E-Modul_rund'!J10) | K10: =IF('E-Modul_rund'!K10="","",'E-Modul_rund'!K10)
A11: m (g) | B11: ='E-Modul_rund'!B11 | C11: ='E-Modul_rund'!C11 | D11: ='E-Modul_rund'!D11 | E11: ='E-Modul_rund'!E11 | F11: ='E-Modul_rund'!F11 | G11: ='E-Modul_rund'!G11 | H11: ='E-Modul_rund'!H11 | I11: ='E-Modul_rund'!I11 | ... K11: ='E-Modul_rund'!K11
A12: L (mm) | B12: ='E-Modul_rund'!B12 | C12: ='E-Modul_rund'!C12 | D12: ='E-Modul_rund'!D12 | E12: ='E-Modul_rund'!E12 | F12: ='E-Modul_rund'!F12 | G12: ='E-Modul_rund'!G12 | H12: ='E-Modul_rund'!H12 | I12: ='E-Modul_rund'!I12 | ... K12: ='E-Modul_rund'!K12
A13: D (mm) | B13: =IF('E-Modul_rund'!B13="","",'E-Modul_rund'!B13) | C13: ='E-Modul_rund'!C13 | D13: ='E-Modul_rund'!D13 | E13: ='E-Modul_rund'!E13 | F13: ='E-Modul_rund'!F13 | G13: ='E-Modul_rund'!G13 | H13: ='E-Modul_rund'!H13 | I13: ='E-Modul_rund'!I13 | J13: ='E-Modul_rund'!J13 | K13: ='E-Modul_rund'!K13
A14: ft (Hz)
A16: G (GPa) | B16: =IF(B14="","",(16*B11*(B14^2)*(B12/(PI()*(B13^2))))/10^9) | C16: =IF(C14="","",(16*C11*(C14^2)*(C12/(PI()*(C13^2))))/10^9) | D16: =IF(D14="","",(16*D11*(D14^2)*(D12/(PI()*(D13^2))))/10^9) | E16: =IF(E14="","",(16*E11*(E14^2)*(E12/(PI()*(E13^2))))/10^9) | F16: =IF(F14="","",(16*F11*(F14^2)*(F12/(PI()*(F13^2))))/10^9) | G16: =IF(G14="","",(16*G11*(G14^2)*(G12/(PI()*(G13^2))))/10^9) | H16: =IF(H14="","",(16*H11*(H14^2)*(H12/(PI()*(H13^2))))/10^9) | I16: =IF(I14="","",(16*I11*(I14^2)*(I12/(PI()*(I13^2))))/10^9) | ... K16: =IF(K14="","",(16*K11*(K14^2)*(K12/(PI()*(K13^2))))/10^9)
A18: E (GPa) | B18: ='E-Modul_rund'!B17 | C18: ='E-Modul_rund'!C17 | D18: ='E-Modul_rund'!D17 | E18: ='E-Modul_rund'!E17 | F18: ='E-Modul_rund'!F17 | G18: ='E-Modul_rund'!G17 | H18: ='E-Modul_rund'!H17 | I18: ='E-Modul_rund'!I17 | ... K18: ='E-Modul_rund'!K17
A19: µ | B19: =IF(B14="","",B18/(B16*2)-1) | C19: =IF(C14="","",C18/(C16*2)-1) | D19: =IF(D14="","",D18/(D16*2)-1) | E19: =IF(E14="","",E18/(E16*2)-1) | F19: =IF(F14="","",F18/(F16*2)-1) | G19: =IF(G14="","",G18/(G16*2)-1) | H19: =IF(H14="","",H18/(H16*2)-1) | I19: =IF(I14="","",I18/(I16*2)-1) | ... K19: =IF(K14="","",K18/(K16*2)-1)
A21: Versuchs-Nr. | B21: 1 | C21: 2 | D21: 3 | E21: 4 | F21: 5 | G21: 6 | H21: 7 | I21: 8 | J21: 9 | K21: 10
A22: Konditionen
A24: Bemerkungen
A27: Datum: | G27: Datum:
A28: Prüfleiter: | G28: Prüfer:
